time_s,in0_v,in1_v
0.000000,3.913741,0.985529
0.199505,1.352772,2.809702
0.398996,1.353242,2.817357
0.599533,1.357385,2.819213
0.799066,1.349226,2.809001
0.999634,1.351501,2.809256
1.199156,1.363145,2.826414
1.399620,1.359396,2.813878
1.599137,1.357975,2.821580
1.799701,1.365004,2.818365
1.999248,1.358782,2.827700
2.199765,1.351730,2.811581
2.399237,1.352143,2.809246
2.599770,1.345923,2.807017
2.799314,1.357009,2.815497
2.999800,1.354619,2.813177
3.199407,1.360372,2.810614
3.399946,1.357513,2.810755
3.599400,1.361268,2.811116
3.799938,1.366272,2.803078
3.999418,1.371229,2.793019
4.199932,1.367816,2.796973
4.399415,1.369365,2.819976
4.599969,1.321998,2.853479
4.799492,1.281998,2.902419
4.999096,1.215421,2.969027
5.199599,1.162887,3.025141
5.399097,1.138238,3.047422
5.599188,1.167209,3.020928
5.799744,1.221924,2.960980
5.999477,1.299828,2.880006
6.199947,1.359338,2.815247
6.399398,1.360462,2.794960
6.599952,1.321766,2.849456
6.799476,1.224979,2.947372
6.999053,1.163640,3.030276
7.199566,1.149689,3.044418
7.399190,1.205498,2.980916
7.599291,1.286975,2.879923
7.799829,1.367676,2.807956
7.999382,1.362846,2.806021
8.199897,1.290356,2.887463
8.399375,1.194075,2.996635
8.599981,1.141418,3.033093
8.799518,1.170675,3.012535
8.999046,1.257055,2.909102
9.199594,1.344412,2.820425
9.399025,1.362460,2.791572
9.599604,1.310404,2.858028
9.799137,1.210216,2.975492
9.999701,1.149778,3.040410
10.199219,1.159109,3.032722
10.399689,1.234782,2.935949
10.599238,1.333331,2.850773
10.799763,1.379288,2.798973
10.999318,1.330975,2.842955
11.199859,1.249037,2.935004
11.399343,1.161981,3.022277
11.599886,1.147087,3.041895
11.799414,1.203015,2.974364
12.000170,1.299456,2.865535
12.199707,1.360297,2.797308
12.399169,1.350346,2.806298
12.599746,1.276931,2.892685
12.799260,1.197925,2.987038
12.999813,1.143179,3.044635
13.199325,1.158599,3.016247
13.399792,1.241285,2.942276
13.599344,1.326477,2.849733
13.799884,1.373213,2.793576
13.999430,1.344793,2.818068
14.199975,1.269514,2.903887
14.399415,1.196147,2.997342
14.599987,1.147335,3.051279
14.799504,1.156573,3.037521
14.999055,1.223756,2.956515
15.199588,1.310474,2.862271
15.399053,1.356256,2.793437
15.599615,1.357860,2.804886
15.799147,1.320036,2.875196
15.999687,1.226649,2.945352
16.199249,1.158088,3.025460
16.399711,1.141990,3.044798
16.599252,1.169807,2.992374
16.799769,1.249890,2.925552
16.999297,1.323547,2.862284
17.199803,1.372475,2.796749
17.399272,1.357447,2.805999
17.599809,1.314561,2.860192
17.799340,1.239189,2.943484
17.999924,1.176195,3.013808
18.198978,1.141325,3.039566
18.399438,1.157086,3.036394
18.599985,1.215240,2.972314
18.799561,1.278733,2.903304
18.999094,1.340466,2.821559
19.199623,1.370164,2.797328
19.399076,1.351678,2.804342
19.599619,1.311549,2.873064
19.799148,1.230709,2.942185
19.999701,1.185226,3.009232
20.199208,1.142869,3.031542
20.399696,1.140767,3.031897
20.599201,1.182005,2.986668
20.799710,1.241527,2.919173
20.999318,1.304278,2.855732
21.199841,1.354553,2.812880
21.399291,1.373276,2.793421
21.599834,1.354475,2.820867
21.799310,1.296069,2.864253
21.999805,1.252162,2.934814
22.199316,1.181516,2.990701
22.399790,1.149032,3.023229
22.599327,1.140670,3.040693
22.799851,1.160346,3.008294
22.999400,1.202044,2.965927
23.199916,1.253522,2.906948
23.399335,1.316708,2.853709
23.599838,1.356050,2.811857
23.799350,1.354958,2.792686
24.000086,1.352045,2.806084
24.199624,1.306067,2.838160
24.399086,1.270224,2.893697
24.599643,1.220898,2.951523
24.799171,1.176937,2.997143
24.999741,1.145774,3.023495
25.199261,1.139277,3.040342
25.399766,1.149845,3.026879
25.599287,1.178172,2.976447
25.799842,1.227152,2.938789
25.999388,1.282699,2.902817
26.199878,1.317657,2.837182
26.399309,1.361898,2.809049
26.599802,1.366265,2.800448
26.799307,1.362290,2.797624
26.999829,1.342398,2.825364
27.199368,1.303920,2.860438
27.399823,1.254227,2.911579
27.599348,1.215370,2.963411
27.799877,1.169111,3.001916
27.999374,1.148846,3.036450
28.199911,1.142863,3.043431
28.399402,1.146394,3.044943
28.599938,1.168236,3.022517
28.799480,1.197740,2.987021
28.999023,1.242446,2.949338
29.199569,1.277569,2.894509
29.399012,1.320153,2.860640
29.599544,1.350242,2.827976
29.799058,1.366987,2.803809
29.999740,1.373331,2.796331
30.199275,1.372811,2.805554
30.399762,1.355203,2.825515
30.599310,1.316023,2.860143
30.799846,1.291137,2.907597
30.999424,1.256982,2.941458
31.199923,1.218757,2.989328
31.399432,1.176004,3.012429
31.599967,1.158072,3.034005
31.799512,1.140973,3.041882
31.999152,1.142901,3.048866
32.199687,1.149961,3.029310
32.399114,1.174117,3.012656
32.599632,1.200399,2.989844
32.799130,1.232716,2.959136
32.999666,1.263725,2.915945
33.199178,1.296311,2.880820
33.399660,1.318728,2.840915
33.599192,1.339969,2.821888
33.799744,1.356829,2.790865
33.999294,1.363322,2.791597
34.199765,1.369831,2.805818
34.399189,1.356428,2.801824
34.599702,1.338522,2.826517
34.799209,1.311784,2.840615
34.999783,1.292566,2.874594
35.199297,1.277110,2.886823
35.399827,1.284126,2.895317
35.599352,1.252859,2.917259
35.799876,1.299363,2.886426
35.999437,1.323650,2.861103
36.199956,1.327533,2.844476
36.399424,1.323996,2.840741
36.599954,1.349389,2.819907
36.799489,1.362534,2.799023
36.999032,1.363896,2.787036
37.199539,1.364718,2.793444
37.398985,1.342074,2.818990
37.599513,1.302087,2.868303
37.799045,1.252832,2.923460
37.999598,1.199875,2.959176
38.199070,1.167234,3.025560
38.399553,1.144349,3.043145
38.599091,1.166416,3.022755
38.799612,1.211376,2.978515
38.999171,1.227546,2.935345
39.199710,1.301132,2.872110
39.399219,1.368222,2.808792
39.599745,1.371004,2.798934
39.799263,1.329840,2.845527
39.999809,1.264432,2.918524
40.199308,1.199730,2.969677
40.399742,1.149243,3.026350
40.599239,1.138479,3.035268
40.799759,1.178676,2.994510
40.999341,1.256995,2.915447
41.199857,1.322129,2.840958
41.399322,1.368132,2.796864
41.599862,1.365221,2.807956
41.799383,1.303731,2.868213
41.999864,1.229810,2.967666
42.199380,1.161213,3.018141
42.399848,1.146977,3.046129
42.599263,1.162471,3.003122
42.799782,1.228284,2.930602
42.999276,1.312234,2.870253
43.199748,1.354405,2.805826
43.399178,1.364739,2.799545
43.599701,1.321550,2.838647
43.799231,1.247449,2.921240
43.999783,1.177192,2.992479
44.199268,1.141127,3.051297
44.399736,1.150270,3.023647
44.599283,1.206181,2.973335
44.799810,1.272597,2.892050
44.999360,1.349041,2.830622
45.199890,1.376140,2.794393
45.399353,1.361684,2.819899
45.599888,1.313256,2.886113
45.799424,1.234413,2.948856
46.000009,1.171125,3.022178
46.199481,1.154569,3.059864
46.398923,1.162926,3.031157
46.599423,1.212488,2.965837
46.799927,1.272045,2.896932
46.999485,1.336859,2.830969
47.198981,1.365023,2.797191
47.399457,1.368307,2.812255
47.599000,1.326990,2.859057
47.799517,1.265736,2.923782
47.999107,1.197263,2.993732
48.199612,1.148774,3.033667
48.399082,1.141544,3.037593
48.599623,1.168026,3.006618
48.799141,1.244674,2.931567
48.999647,1.326409,2.854129
49.199140,1.297119,2.851163
49.399616,1.334128,2.836355
49.599147,1.374278,2.794346
49.799698,1.363305,2.799268
49.999315,1.322315,2.861161
50.199810,1.263053,2.915520
50.399271,1.210599,2.995685
50.599804,1.161047,3.027599
50.799326,1.136644,3.043724
50.999871,1.145280,3.037262
51.199350,1.191089,3.010641
51.399781,1.251672,2.933094
51.599288,1.301451,2.881748
51.799800,1.358191,2.829259
51.999350,1.370560,2.800369
52.199876,1.372125,2.801308
52.399335,1.350687,2.832839
52.599882,1.307357,2.894966
52.799417,1.251668,2.945032
52.999962,1.199365,3.006107
53.199498,1.157332,3.039019
53.398954,1.146896,3.055425
53.599503,1.161409,3.057840
53.799036,1.195376,3.017085
53.999585,1.236182,2.972869
54.199076,1.276951,2.906703
54.399538,1.322109,2.852572
54.599669,1.367392,2.817397
54.799187,1.375437,2.796038
54.999743,1.369620,2.806130
55.199297,1.348790,2.828614
55.399740,1.310475,2.879866
55.599282,1.260858,2.920450
55.799820,1.207114,2.984733
55.999314,1.166945,3.021680
56.199778,1.153530,3.049054
56.399234,1.145884,3.049533
56.599777,1.151654,3.030149
56.799310,1.179999,3.000102
56.999858,1.216973,2.957061
57.199458,1.262179,2.903405
57.398878,1.297498,2.874092
57.599392,1.336997,2.832319
57.799904,1.367099,2.809763
57.999430,1.374376,2.800188
58.200085,1.365567,2.802829
58.399528,1.349884,2.829959
58.599081,1.314888,2.856542
58.799611,1.271317,2.901111
58.999226,1.235652,2.952064
59.199746,1.196835,2.991942
59.399212,1.168327,3.019927
59.599746,1.156786,3.055619
59.799268,1.141905,3.052324
59.999827,1.155353,3.048056
60.199341,1.165074,3.020411
60.399802,1.189343,2.992292
60.599323,1.225749,2.946152
60.799815,1.261137,2.922109
60.999322,1.301940,2.874019
61.199814,1.329100,2.844750
61.399255,1.348441,2.818197
61.599781,1.363509,2.797639
61.799305,1.365266,2.787876
61.999790,1.364288,2.793329
62.199306,1.346004,2.818263
62.399773,1.331654,2.841778
62.599311,1.302726,2.870576
62.799831,1.272718,2.910445
62.999370,1.238973,2.947941
63.199846,1.205537,2.978071
63.399268,1.183577,3.011925
63.599771,1.160118,3.036146
63.799261,1.153134,3.064331
63.999780,1.151738,3.070662
64.199289,1.145566,3.047274
64.399757,1.164966,3.034614
64.599293,1.182512,3.019877
64.799818,1.203658,2.993719
64.999360,1.230616,2.963002
65.199868,1.265747,2.923005
65.399341,1.283582,2.889413
65.599874,1.310194,2.864787
65.799403,1.346165,2.846398
65.999971,1.355996,2.832042
66.199433,1.375620,2.811662
66.399862,1.376772,2.801008
66.599377,1.379817,2.802052
66.799905,1.382108,2.812552
66.999443,1.355384,2.817386
67.199954,1.341475,2.833148
67.399417,1.328191,2.867737
67.600037,1.301499,2.882780
67.799545,1.271300,2.911998
67.999073,1.246910,2.940308
68.199535,1.223331,2.974638
68.398952,1.198826,2.994196
68.599447,1.182166,3.012831
68.799924,1.160918,3.030267
68.999492,1.146034,3.031807
69.198967,1.146385,3.048404
69.399429,1.149451,3.055459
69.599951,1.143252,3.035688
69.799513,1.151745,3.038069
69.999103,1.164275,3.027760
70.199621,1.178437,3.014556
70.399079,1.188647,2.985315
70.599619,1.214917,2.971202
70.799150,1.234588,2.946055
70.999732,1.253194,2.922453
71.199213,1.278515,2.908444
71.399660,1.297572,2.883009
71.599163,1.314775,2.856882
71.799672,1.329102,2.838115
71.999268,1.359514,2.838361
72.199747,1.354155,2.810677
72.399404,1.369035,2.798757
72.599844,1.379938,2.800317
72.799376,1.382050,2.807605
72.999900,1.372158,2.801797
73.199415,1.366907,2.811764
73.399874,1.366009,2.813234
73.599414,1.346062,2.824157
73.799959,1.337735,2.838881
73.999497,1.318696,2.853287
74.198980,1.303782,2.881614
74.399440,1.283553,2.893690
74.599978,1.263761,2.902232
74.799495,1.247472,2.920231
74.999082,1.240056,2.951480
75.199535,1.226669,2.974511
75.398961,1.198404,2.984881
75.599455,1.188567,3.007884
75.799982,1.179428,3.027500
75.999578,1.171773,3.040400
76.199065,1.154281,3.033730
76.399528,1.145720,3.042947
76.599070,1.150380,3.052560
76.799614,1.143902,3.046395
76.999239,1.141192,3.042982
77.199720,1.141388,3.040971
77.399479,1.153800,3.037797
77.598977,1.159096,3.039932
77.799461,1.166772,3.017774
77.999103,1.176656,3.019990
78.199432,1.183748,3.005763
78.399928,1.195069,2.990584
78.599480,1.211953,2.978370
78.799020,1.225579,2.956324
78.999572,1.237730,2.951079
79.199097,1.254601,2.921688
79.399578,1.263084,2.911494
79.599128,1.279928,2.889503
79.799673,1.294974,2.874155
79.999250,1.312333,2.875408
80.199750,1.320459,2.853364
80.399191,1.336503,2.849438
80.599712,1.339575,2.840240
80.799246,1.351527,2.827974
80.999729,1.358011,2.815092
81.199271,1.360438,2.809212
81.399741,1.378264,2.812430
81.599292,1.380508,2.800019
81.799825,1.375634,2.803949
81.999415,1.395090,2.813856
82.199899,1.393641,2.808386
82.399380,1.381148,2.804031
82.599926,1.372446,2.807528
82.799466,1.366859,2.814414
82.998961,1.360901,2.812031
83.199490,1.359486,2.827134
83.398977,1.356422,2.826707
83.599481,1.335001,2.830467
83.798999,1.341301,2.857571
83.999532,1.335930,2.865599
84.199607,1.319351,2.871585
84.399078,1.302034,2.891675
84.599626,1.285499,2.891306
84.799161,1.281863,2.896298
84.999760,1.278957,2.915872
85.199251,1.260303,2.916048
85.399719,1.245650,2.925415
85.599256,1.240406,2.936844
85.799755,1.218286,2.954364
85.999270,1.217555,2.963042
86.199784,1.218025,2.989893
86.399306,1.208861,2.986584
86.599819,1.191989,3.003090
86.799342,1.186414,3.014733
86.999897,1.181212,3.008382
87.199420,1.170674,3.018057
87.399892,1.161325,3.007097
87.599435,1.162444,3.017701
87.799978,1.158248,3.041361
87.999528,1.157796,3.038824
88.199057,1.152606,3.051288
88.399526,1.144226,3.044641
88.599067,1.141216,3.039246
88.799612,1.140281,3.042456
88.999183,1.147856,3.051656
89.199723,1.143899,3.046140
89.399138,1.147376,3.057707
89.599653,1.149644,3.047296
89.799167,1.148352,3.049718
89.999777,1.150546,3.045418
90.199268,1.158552,3.044832
90.399731,1.157397,3.031786
90.599270,1.158126,3.037614
90.799812,1.166927,3.030897
90.999367,1.175057,3.023406
91.199888,1.168660,3.013672
91.399399,1.173925,3.002347
91.599933,1.178391,2.996608
91.799471,1.197533,3.005264
91.999072,1.200447,2.993385
92.199515,1.213312,2.993137
92.398951,1.225350,2.985473
92.599475,1.223595,2.971540
92.798986,1.226082,2.966145
92.999543,1.235397,2.963121
93.199058,1.243028,2.946706
93.399581,1.249709,2.938972
93.599514,1.252028,2.927771
93.798952,1.264912,2.923138
93.999549,1.271346,2.920042
94.199038,1.286003,2.916945
94.399504,1.282908,2.905390
94.599044,1.293008,2.899274
94.799591,1.297718,2.885106
94.999102,1.298480,2.888581
95.199594,1.320842,2.892016
95.399009,1.324538,2.877218
95.599509,1.326116,2.871378
95.799009,1.328680,2.858409
95.999619,1.338056,2.858268
96.199096,1.338186,2.855743
96.399570,1.344873,2.847798
96.599112,1.341812,2.839586
96.799660,1.352618,2.830788
96.999216,1.346699,2.829258
97.199723,1.358983,2.821788
97.399571,1.357320,2.814679
97.599133,1.357814,2.810776
97.799665,1.364548,2.810248
97.999171,1.365882,2.805737
98.199662,1.360585,2.807999
98.399093,1.366504,2.799553
98.599597,1.376028,2.809498
98.799127,1.369750,2.799147
98.999629,1.375688,2.798448
99.199146,1.371333,2.796009
99.399617,1.385891,2.803574
99.599159,1.377281,2.790351
99.799683,1.369943,2.793807
99.999243,1.380356,2.805099
100.199696,1.377698,2.791387
100.399133,1.373753,2.799438
100.599671,1.371910,2.791292
100.799188,1.367831,2.795879
100.999779,1.371796,2.799676
101.199282,1.369529,2.795350
101.399753,1.367696,2.797047
101.599291,1.362027,2.803088
101.799825,1.358519,2.807763
101.999452,1.359574,2.801322
102.199975,1.369190,2.808588
102.399449,1.362258,2.815442
102.598988,1.359953,2.816104
102.799512,1.355032,2.812796
102.999187,1.359996,2.815760
103.199670,1.348335,2.825020
103.399099,1.359501,2.829647
103.599612,1.344888,2.827094
103.799113,1.342299,2.832422
103.999682,1.344610,2.834027
104.199195,1.341667,2.845553
104.399652,1.341445,2.847641
104.599188,1.331667,2.849195
104.799731,1.332629,2.846000
104.999474,1.328970,2.842256
105.198993,1.325811,2.847996
105.399436,1.327553,2.861639
105.599938,1.327809,2.876035
105.799428,1.310960,2.883663
105.999956,1.331348,2.856374
106.199452,1.332268,2.870581
106.399894,1.324949,2.868247
106.599439,1.318597,2.889888
106.799969,1.324926,2.860933
106.999608,1.324108,2.864480
107.199146,1.318883,2.881891
107.399624,1.318362,2.876457
107.599173,1.310350,2.876681
107.799728,1.301275,2.873289
107.999343,1.297466,2.892455
108.199818,1.298001,2.887471
108.399300,1.298415,2.891120
108.599823,1.291874,2.895170
108.799354,1.288397,2.893503
108.999866,1.280244,2.901508
109.199332,1.281657,2.908027
109.399764,1.270486,2.904768
109.599262,1.275383,2.910438
109.799791,1.266679,2.918166
109.999381,1.261535,2.918056
110.199886,1.266828,2.916852
110.399343,1.267910,2.927234
110.599884,1.253580,2.921874
110.799418,1.250766,2.922375
110.999994,1.252369,2.937078
111.199418,1.249458,2.939120
111.400036,1.244606,2.939832
111.599407,1.239245,2.947505
111.799928,1.231119,2.949651
111.999504,1.232158,2.954608
112.199004,1.233136,2.956070
112.399511,1.225419,2.959926
112.598993,1.221232,2.964016
112.799523,1.228492,2.975848
112.999151,1.216201,2.963747
113.199652,1.222610,2.965120
113.399114,1.205812,2.978644
113.599649,1.211253,2.975910
113.799189,1.203593,2.979334
113.999633,1.204034,2.976135
114.199167,1.198361,2.977376
114.399816,1.194898,2.979022
114.599312,1.198640,2.995977
114.799798,1.187272,2.990615
114.999334,1.205941,3.001314
115.199842,1.189484,2.987950
115.399313,1.198543,2.996614
115.599847,1.199388,2.995706
115.799365,1.194974,2.997305
115.999837,1.181310,2.997155
116.199361,1.195290,2.997666
116.399880,1.191194,3.009387
116.599409,1.181786,2.998837
116.799883,1.187082,3.015720
116.999484,1.183774,3.008308
117.199971,1.175204,2.992248
117.399440,1.179080,3.020449
117.599969,1.183431,3.030212
117.799501,1.173685,3.011868
117.999070,1.169941,3.013026
118.199591,1.171759,3.035467
118.399065,1.147637,3.019384
118.599597,1.145615,3.038181
118.799127,1.173301,3.022045
118.999730,1.174431,3.017143
119.199159,1.178712,3.029002
119.399597,1.165846,3.013481
119.599100,1.172650,3.027008
119.799604,1.165936,3.029186
119.999260,1.166977,3.036524
120.199758,1.161490,3.021889
120.399225,1.164020,3.026708
120.599767,1.165898,3.019515
120.799286,1.160684,3.022014
120.999911,1.159808,3.026192
121.199394,1.160188,3.036090
121.399863,1.159220,3.027201
121.599405,1.152240,3.023106
121.799879,1.147348,3.022545
121.999396,1.157448,3.034939
122.199872,1.160230,3.041172
122.399300,1.160384,3.048457
122.599806,1.155371,3.042076
122.799338,1.154892,3.036371
122.999822,1.146806,3.037562
123.199334,1.153411,3.039050
123.399816,1.150253,3.039523
123.599358,1.145998,3.033605
123.799892,1.145078,3.036476
123.999446,1.152387,3.054893
124.199947,1.149078,3.041612
124.399375,1.148514,3.039005
124.599883,1.145288,3.042317
124.799380,1.154325,3.057822
125.000016,1.156356,3.062247
125.199467,1.148799,3.048499
125.398894,1.143492,3.043308
125.599432,1.148261,3.039482
125.799959,1.149399,3.060650
125.999696,1.148306,3.059100
126.199757,1.143809,3.051554
126.399246,1.149499,3.047796
126.599795,1.146733,3.043687
126.799327,1.142788,3.044199
126.999866,1.154036,3.049037
127.199326,1.146009,3.041549
127.399804,1.145308,3.041468
127.599316,1.149119,3.042286
127.799817,1.147868,3.048276
127.999402,1.146485,3.049713
128.199921,1.138466,3.044408
128.399391,1.143743,3.044744
128.599922,1.141541,3.050217
128.799450,1.147971,3.046508
128.999968,1.143143,3.044029
129.199469,1.144601,3.049092
129.399004,1.146215,3.042864
129.599532,1.150742,3.050581
129.799057,1.145568,3.051343
129.999653,1.143344,3.048263
130.199124,1.141088,3.046940
130.399579,1.148795,3.058833
130.599084,1.143307,3.050881
130.799589,1.144787,3.045571
130.999181,1.145745,3.051962
131.199697,1.146903,3.051921
131.399166,1.147324,3.049846
131.599737,1.145042,3.050031
131.799264,1.135686,3.042320
131.999937,1.149217,3.050212
132.199459,1.136831,3.051738
132.398935,1.149085,3.058696
132.599500,1.145657,3.049002
132.799049,1.137873,3.045432
132.999675,1.157734,3.059507
133.199302,1.145306,3.048437
133.399760,1.139716,3.048747
133.599312,1.140159,3.045546
133.799853,1.145465,3.046535
