time_s,in0_v,in1_v,point_id,angle1_deg,angle2_deg
7.663562,3.813879,1.146253,1,1.000,1.000
7.860523,1.164710,3.035266,1,1.000,1.000
8.061526,1.218298,2.987956,1,1.000,1.000
8.262547,1.286653,2.899951,1,1.000,1.000
8.464679,1.356269,2.825585,1,1.000,1.000
8.665585,1.378224,2.814901,1,1.000,1.000
8.862567,1.350652,2.853648,1,1.000,1.000
9.063627,1.277960,2.923813,1,1.000,1.000
9.259636,1.206617,2.987951,1,1.000,1.000
9.461647,1.173390,3.049101,1,1.000,1.000
9.660665,1.170627,3.042243,1,1.000,1.000
9.860639,1.217644,2.997075,1,1.000,1.000
10.060651,1.286229,2.932323,1,1.000,1.000
10.260671,1.353823,2.863091,1,1.000,1.000
10.460703,1.375503,2.810199,1,1.000,1.000
10.660699,1.388290,2.817496,1,1.000,1.000
10.860699,1.350819,2.850465,1,1.000,1.000
11.065713,1.299078,2.907212,1,1.000,1.000
15.696048,1.096293,3.089679,2,1.000,40.996
15.897984,1.071093,3.143041,2,1.000,40.996
16.099036,1.074993,3.116925,2,1.000,40.996
16.295035,1.154431,3.041273,2,1.000,40.996
16.497057,1.258402,2.919621,2,1.000,40.996
16.698058,1.372083,2.809380,2,1.000,40.996
16.900071,1.445198,2.725867,2,1.000,40.996
17.096078,1.450516,2.723212,2,1.000,40.996
17.297101,1.397732,2.799350,2,1.000,40.996
17.495131,1.276994,2.919286,2,1.000,40.996
17.695130,1.166144,3.040963,2,1.000,40.996
17.897108,1.082579,3.126416,2,1.000,40.996
18.095145,1.070495,3.150454,2,1.000,40.996
18.295146,1.118111,3.101337,2,1.000,40.996
18.495157,1.198323,3.001784,2,1.000,40.996
18.695195,1.305244,2.892605,2,1.000,40.996
18.897181,1.395865,2.793267,2,1.000,40.996
19.095194,1.452630,2.731022,2,1.000,40.996
23.744589,1.382315,2.819034,3,1.000,81.036
23.940559,1.274986,2.912797,3,1.000,81.036
24.142592,1.175740,3.030418,3,1.000,81.036
24.343582,1.100791,3.117269,3,1.000,81.036
24.539590,1.080065,3.129540,3,1.000,81.036
24.741592,1.124187,3.084299,3,1.000,81.036
24.942580,1.221104,2.971294,3,1.000,81.036
25.144630,1.337199,2.851904,3,1.000,81.036
25.345620,1.428206,2.758754,3,1.000,81.036
25.539674,1.471252,2.720000,3,1.000,81.036
25.739661,1.421566,2.754197,3,1.000,81.036
25.940688,1.329424,2.858378,3,1.000,81.036
26.140690,1.220282,2.961144,3,1.000,81.036
26.343669,1.136415,3.066435,3,1.000,81.036
26.540692,1.088579,3.122470,3,1.000,81.036
26.740715,1.077022,3.107848,3,1.000,81.036
26.940714,1.127191,3.071508,3,1.000,81.036
27.140719,1.204781,2.971927,3,1.000,81.036
31.667068,1.464201,2.715564,4,1.000,120.956
31.869069,1.467652,2.688616,4,1.000,120.956
32.065067,1.435015,2.746040,4,1.000,120.956
32.267054,1.323946,2.856606,4,1.000,120.956
32.468079,1.201262,2.998394,4,1.000,120.956
32.664115,1.100272,3.110382,4,1.000,120.956
32.866094,1.051654,3.156112,4,1.000,120.956
33.067127,1.084459,3.110245,4,1.000,120.956
33.263105,1.186242,3.011750,4,1.000,120.956
33.463112,1.305556,2.874187,4,1.000,120.956
33.664162,1.419583,2.760088,4,1.000,120.956
33.864155,1.474539,2.696794,4,1.000,120.956
34.065164,1.469746,2.716269,4,1.000,120.956
34.264178,1.399709,2.800860,4,1.000,120.956
34.464198,1.283433,2.919622,4,1.000,120.956
34.664247,1.170865,3.042440,4,1.000,120.956
34.864213,1.087074,3.119436,4,1.000,120.956
35.065229,1.052626,3.158235,4,1.000,120.956
39.588598,1.314036,2.874847,5,1.000,160.000
39.789567,1.356864,2.838783,5,1.000,160.000
39.991556,1.371036,2.807227,5,1.000,160.000
40.187551,1.357195,2.833088,5,1.000,160.000
40.388565,1.302218,2.891694,5,1.000,160.000
40.590625,1.230429,2.950559,5,1.000,160.000
40.791623,1.174633,3.012633,5,1.000,160.000
40.987606,1.151139,3.039934,5,1.000,160.000
41.189631,1.160845,3.015701,5,1.000,160.000
41.387633,1.209751,2.970495,5,1.000,160.000
41.588434,1.277868,2.801993,5,1.000,160.000
41.786678,1.334445,2.846133,5,1.000,160.000
41.986715,1.360802,2.804659,5,1.000,160.000
42.190733,1.362717,2.811839,5,1.000,160.000
42.386697,1.322966,2.850334,5,1.000,160.000
42.586714,1.275795,2.913005,5,1.000,160.000
42.786740,1.217070,2.972501,5,1.000,160.000
42.986729,1.173870,3.019040,5,1.000,160.000
47.512067,1.379880,2.792176,6,40.996,160.000
47.717084,1.389709,2.759130,6,40.996,160.000
47.918052,1.388068,2.793844,6,40.996,160.000
48.112076,1.325648,2.857248,6,40.996,160.000
48.317083,1.242241,2.948360,6,40.996,160.000
48.518088,1.162803,3.024840,6,40.996,160.000
48.711123,1.115298,3.076805,6,40.996,160.000
48.913103,1.111993,3.064611,6,40.996,160.000
49.117155,1.169629,3.010796,6,40.996,160.000
49.312184,1.251303,2.922160,6,40.996,160.000
49.516193,1.326368,2.834887,6,40.996,160.000
49.711212,1.390734,2.783979,6,40.996,160.000
49.911173,1.398238,2.766965,6,40.996,160.000
50.111205,1.354620,2.803156,6,40.996,160.000
50.311187,1.298527,2.884656,6,40.996,160.000
50.516224,1.217527,2.958367,6,40.996,160.000
50.711248,1.148439,3.025453,6,40.996,160.000
50.911239,1.116577,3.076789,6,40.996,160.000
55.450590,1.438838,2.724776,7,40.996,120.956
55.647618,1.411551,2.767716,7,40.996,120.956
55.848557,1.324609,2.857980,7,40.996,120.956
56.049600,1.218643,2.972515,7,40.996,120.956
56.251596,1.129702,3.069226,7,40.996,120.956
56.452604,1.088680,3.105275,7,40.996,120.956
56.649648,1.110339,3.082202,7,40.996,120.956
56.850667,1.181623,2.983449,7,40.996,120.956
57.046618,1.296219,2.888955,7,40.996,120.956
57.247670,1.387005,2.781938,7,40.996,120.956
57.451664,1.436857,2.720982,7,40.996,120.956
57.646704,1.431420,2.730270,7,40.996,120.956
57.846688,1.374392,2.806650,7,40.996,120.956
58.046708,1.281835,2.911248,7,40.996,120.956
58.246736,1.181981,3.007612,7,40.996,120.956
58.451721,1.114568,3.078998,7,40.996,120.956
58.646750,1.082216,3.115692,7,40.996,120.956
58.846730,1.109526,3.085311,7,40.996,120.956
63.370081,1.126577,3.068031,8,40.996,81.036
63.571047,1.128221,3.069214,8,40.996,81.036
63.773063,1.158682,3.028315,8,40.996,81.036
63.969056,1.236354,2.956511,8,40.996,81.036
64.170063,1.317318,2.866109,8,40.996,81.036
64.372093,1.382010,2.791174,8,40.996,81.036
64.568109,1.407717,2.775441,8,40.996,81.036
64.770166,1.376422,2.810271,8,40.996,81.036
64.971135,1.295891,2.886668,8,40.996,81.036
65.169142,1.219198,2.984758,8,40.996,81.036
65.369144,1.154053,3.051342,8,40.996,81.036
65.569150,1.122159,3.072347,8,40.996,81.036
65.769201,1.137802,3.054662,8,40.996,81.036
65.973198,1.203122,2.989141,8,40.996,81.036
66.169206,1.274220,2.913140,8,40.996,81.036
66.369220,1.341541,2.830878,8,40.996,81.036
66.569227,1.392387,2.781600,8,40.996,81.036
66.769265,1.408275,2.767682,8,40.996,81.036
71.401584,1.357188,2.864656,9,40.996,40.996
71.602572,1.436824,2.755214,9,40.996,40.996
71.804571,1.482525,2.700622,9,40.996,40.996
72.000569,1.453994,2.719736,9,40.996,40.996
72.202599,1.370317,2.827910,9,40.996,40.996
72.403595,1.239326,2.953471,9,40.996,40.996
72.599629,1.119068,3.075194,9,40.996,40.996
72.801618,1.068225,3.139212,9,40.996,40.996
73.002710,1.078790,3.124021,9,40.996,40.996
73.200713,1.155589,3.025854,9,40.996,40.996
73.401749,1.277634,2.908658,9,40.996,40.996
73.603846,1.380786,2.768285,9,40.996,40.996
73.800737,1.461932,2.713976,9,40.996,40.996
74.000682,1.473425,2.698331,9,40.996,40.996
74.199716,1.421294,2.759257,9,40.996,40.996
74.400760,1.338761,2.866744,9,40.996,40.996
74.603787,1.221232,2.969919,9,40.996,40.996
74.799755,1.134925,3.075894,9,40.996,40.996
79.440116,1.316872,2.873843,10,40.996,1.000
79.641109,1.336917,2.855991,10,40.996,1.000
79.837111,1.332856,2.857216,10,40.996,1.000
80.039138,1.309438,2.881995,10,40.996,1.000
80.240141,1.264333,2.928408,10,40.996,1.000
80.436152,1.227863,2.969252,10,40.996,1.000
80.638186,1.203693,2.991736,10,40.996,1.000
80.839137,1.197486,3.002704,10,40.996,1.000
81.035188,1.226822,2.980393,10,40.996,1.000
81.235168,1.260704,2.939515,10,40.996,1.000
81.435169,1.302818,2.900788,10,40.996,1.000
81.636230,1.325134,2.862460,10,40.996,1.000
81.836218,1.333931,2.853137,10,40.996,1.000
82.039284,1.320392,2.869469,10,40.996,1.000
82.236218,1.296583,2.907653,10,40.996,1.000
82.436228,1.246456,2.931049,10,40.996,1.000
82.636265,1.232213,2.980405,10,40.996,1.000
82.836248,1.209198,2.994818,10,40.996,1.000
87.357603,1.309456,2.890483,11,81.036,1.000
87.559561,1.357223,2.829573,11,81.036,1.000
87.755570,1.383598,2.814452,11,81.036,1.000
87.957579,1.368118,2.830503,11,81.036,1.000
88.158611,1.322550,2.885666,11,81.036,1.000
88.354600,1.261826,2.962910,11,81.036,1.000
88.556613,1.190940,3.019142,11,81.036,1.000
88.757702,1.153434,3.057296,11,81.036,1.000
88.954626,1.155126,3.047970,11,81.036,1.000
89.154662,1.203917,3.004457,11,81.036,1.000
89.354784,1.260255,2.922192,11,81.036,1.000
89.554667,1.324265,2.860326,11,81.036,1.000
89.759709,1.374083,2.822698,11,81.036,1.000
89.954736,1.377541,2.809669,11,81.036,1.000
90.154737,1.351090,2.846159,11,81.036,1.000
90.354727,1.307062,2.902862,11,81.036,1.000
90.554770,1.244365,2.947131,11,81.036,1.000
90.759778,1.194063,3.008485,11,81.036,1.000
95.374082,1.430904,2.743786,12,81.036,40.996
95.576033,1.454000,2.728178,12,81.036,40.996
95.777090,1.420073,2.773830,12,81.036,40.996
95.973070,1.327006,2.863423,12,81.036,40.996
96.175079,1.225842,2.990725,12,81.036,40.996
96.376083,1.124432,3.075246,12,81.036,40.996
96.578091,1.089887,3.122821,12,81.036,40.996
96.774142,1.118956,3.088656,12,81.036,40.996
96.976133,1.192883,2.993024,12,81.036,40.996
97.174152,1.316733,2.883491,12,81.036,40.996
97.374134,1.403933,2.784164,12,81.036,40.996
97.575137,1.467442,2.735067,12,81.036,40.996
97.773222,1.447302,2.742111,12,81.036,40.996
97.973170,1.382657,2.808919,12,81.036,40.996
98.173228,1.278109,2.912040,12,81.036,40.996
98.373206,1.189289,3.006326,12,81.036,40.996
98.575204,1.119751,3.092773,12,81.036,40.996
98.773272,1.091772,3.116820,12,81.036,40.996
103.403589,1.357194,2.843153,13,81.036,81.036
103.605588,1.363795,2.808025,13,81.036,81.036
103.806592,1.378667,2.817561,13,81.036,81.036
104.003577,1.335258,2.864927,13,81.036,81.036
104.204607,1.286292,2.930086,13,81.036,81.036
104.405621,1.237378,2.996614,13,81.036,81.036
104.607630,1.184082,3.040809,13,81.036,81.036
104.803612,1.166812,3.032765,13,81.036,81.036
105.005619,1.201410,3.004770,13,81.036,81.036
105.203685,1.250913,2.939938,13,81.036,81.036
105.403668,1.311809,2.875448,13,81.036,81.036
105.607696,1.363581,2.829130,13,81.036,81.036
105.803682,1.350857,2.802236,13,81.036,81.036
106.002705,1.345798,2.820172,13,81.036,81.036
106.202704,1.315703,2.873078,13,81.036,81.036
106.402715,1.259283,2.927632,13,81.036,81.036
106.605767,1.218480,2.985959,13,81.036,81.036
106.802744,1.179919,3.018846,13,81.036,81.036
111.331069,1.138613,3.052229,14,81.036,120.956
111.527063,1.171174,2.990982,14,81.036,120.956
111.729076,1.246314,2.922657,14,81.036,120.956
111.930049,1.323164,2.853943,14,81.036,120.956
112.126084,1.384368,2.790937,14,81.036,120.956
112.328084,1.391654,2.767777,14,81.036,120.956
112.529088,1.364929,2.802193,14,81.036,120.956
112.731123,1.287193,2.880511,14,81.036,120.956
112.927106,1.215430,2.970214,14,81.036,120.956
113.127157,1.157716,3.034733,14,81.036,120.956
113.332152,1.136976,3.057576,14,81.036,120.956
113.526150,1.150833,3.032031,14,81.036,120.956
113.726186,1.208534,2.964486,14,81.036,120.956
113.926165,1.272284,2.886949,14,81.036,120.956
114.126193,1.341252,2.827569,14,81.036,120.956
114.327223,1.397461,2.785299,14,81.036,120.956
114.526216,1.394638,2.772747,14,81.036,120.956
114.726260,1.388325,2.805937,14,81.036,120.956
119.250550,1.112805,3.068047,15,81.036,160.000
119.451537,1.167895,2.999599,15,81.036,160.000
119.648552,1.259636,2.917941,15,81.036,160.000
119.849529,1.356865,2.822166,15,81.036,160.000
120.045519,1.407376,2.760776,15,81.036,160.000
120.247593,1.410561,2.753120,15,81.036,160.000
120.448566,1.354634,2.817074,15,81.036,160.000
120.650611,1.267810,2.918445,15,81.036,160.000
120.846590,1.178345,3.014307,15,81.036,160.000
121.046601,1.114898,3.082070,15,81.036,160.000
121.246612,1.116665,3.087513,15,81.036,160.000
121.446658,1.146328,3.038958,15,81.036,160.000
121.651915,1.225500,2.968863,15,81.036,160.000
121.846672,1.315209,2.879056,15,81.036,160.000
122.046655,1.387232,2.794119,15,81.036,160.000
122.246688,1.420893,2.755216,15,81.036,160.000
122.446686,1.413106,2.765135,15,81.036,160.000
122.651754,1.376554,2.824355,15,81.036,160.000
127.156040,1.138406,3.057716,16,120.956,160.000
127.357044,1.192590,2.995878,16,120.956,160.000
127.553010,1.272246,2.904313,16,120.956,160.000
127.755055,1.359017,2.817201,16,120.956,160.000
127.951029,1.421536,2.767175,16,120.956,160.000
128.152045,1.430722,2.766453,16,120.956,160.000
128.354065,1.358045,2.816414,16,120.956,160.000
128.555069,1.269648,2.910401,16,120.956,160.000
128.752119,1.182163,3.016058,16,120.956,160.000
128.952107,1.122443,3.050434,16,120.956,160.000
129.151140,1.122840,3.067236,16,120.956,160.000
129.352141,1.168071,3.021429,16,120.956,160.000
129.557121,1.239809,2.938450,16,120.956,160.000
129.752153,1.328715,2.851992,16,120.956,160.000
129.952125,1.389453,2.782193,16,120.956,160.000
130.151153,1.422636,2.750217,16,120.956,160.000
130.352203,1.408546,2.774776,16,120.956,160.000
130.557178,1.345735,2.825666,16,120.956,160.000
135.075515,1.266146,2.932417,17,120.956,120.956
135.277508,1.358866,2.838296,17,120.956,120.956
135.478480,1.426736,2.743913,17,120.956,120.956
135.674528,1.455616,2.734048,17,120.956,120.956
135.876505,1.415367,2.785152,17,120.956,120.956
136.077525,1.308791,2.887386,17,120.956,120.956
136.279528,1.191329,3.014718,17,120.956,120.956
136.475537,1.102770,3.096972,17,120.956,120.956
136.676591,1.078953,3.121045,17,120.956,120.956
136.874561,1.121781,3.069025,17,120.956,120.956
137.074574,1.209804,2.975278,17,120.956,120.956
137.275603,1.314961,2.850276,17,120.956,120.956
137.475599,1.408614,2.765245,17,120.956,120.956
137.677652,1.445523,2.725830,17,120.956,120.956
137.875652,1.428333,2.742158,17,120.956,120.956
138.075664,1.361281,2.809437,17,120.956,120.956
138.275666,1.279688,2.913442,17,120.956,120.956
138.475656,1.183294,3.000122,17,120.956,120.956
143.000013,1.326088,2.871830,18,120.956,81.036
143.200989,1.248471,2.945617,18,120.956,81.036
143.402988,1.168203,3.027657,18,120.956,81.036
143.599013,1.124758,3.075473,18,120.956,81.036
143.801017,1.139524,3.060052,18,120.956,81.036
144.001996,1.187967,2.989090,18,120.956,81.036
144.198047,1.274261,2.896294,18,120.956,81.036
144.400059,1.361225,2.817076,18,120.956,81.036
144.601084,1.419022,2.770413,18,120.956,81.036
144.799072,1.409195,2.770959,18,120.956,81.036
144.999070,1.358029,2.824510,18,120.956,81.036
145.199092,1.277129,2.909122,18,120.956,81.036
145.399115,1.204227,3.009605,18,120.956,81.036
145.603134,1.136981,3.068775,18,120.956,81.036
145.799163,1.128872,3.081243,18,120.956,81.036
145.999159,1.147330,3.054137,18,120.956,81.036
146.199162,1.196863,2.985827,18,120.956,81.036
146.399157,1.274034,2.907026,18,120.956,81.036
150.917553,1.083265,3.098887,19,120.956,40.996
151.118442,1.141217,3.047441,19,120.956,40.996
151.321457,1.256746,2.919203,19,120.956,40.996
151.522451,1.367823,2.795910,19,120.956,40.996
151.718513,1.438479,2.716378,19,120.956,40.996
151.920511,1.455960,2.699567,19,120.956,40.996
152.121528,1.401337,2.767803,19,120.956,40.996
152.317530,1.280130,2.899124,19,120.956,40.996
152.517543,1.163229,3.028915,19,120.956,40.996
152.717564,1.078684,3.121402,19,120.956,40.996
152.918551,1.059516,3.133001,19,120.956,40.996
153.118555,1.109542,3.102233,19,120.956,40.996
153.318547,1.213014,2.993320,19,120.956,40.996
153.518578,1.326603,2.867130,19,120.956,40.996
153.718619,1.418371,2.752441,19,120.956,40.996
153.923592,1.460576,2.706583,19,120.956,40.996
154.117604,1.466401,2.713959,19,120.956,40.996
154.317665,1.412085,2.770014,19,120.956,40.996
158.948941,1.227623,2.955945,20,120.956,1.000
159.150905,1.250241,2.930029,20,120.956,1.000
159.352941,1.290678,2.902494,20,120.956,1.000
159.553937,1.312479,2.879658,20,120.956,1.000
159.749961,1.315852,2.867259,20,120.956,1.000
159.951948,1.300121,2.875211,20,120.956,1.000
160.152955,1.279339,2.921421,20,120.956,1.000
160.348977,1.236388,2.947985,20,120.956,1.000
160.551018,1.211747,2.977731,20,120.956,1.000
160.750030,1.198271,2.991428,20,120.956,1.000
160.950013,1.206800,2.972809,20,120.956,1.000
161.149021,1.237591,2.952919,20,120.956,1.000
161.349036,1.269555,2.923893,20,120.956,1.000
161.550045,1.289625,2.879507,20,120.956,1.000
161.750069,1.312232,2.874509,20,120.956,1.000
161.950087,1.322018,2.865290,20,120.956,1.000
162.149076,1.309916,2.880192,20,120.956,1.000
162.349103,1.281130,2.899425,20,120.956,1.000
166.871396,1.200942,2.982457,21,160.000,1.000
167.073372,1.191383,3.004853,21,160.000,1.000
167.274400,1.181328,3.000300,21,160.000,1.000
167.470400,1.214285,2.989718,21,160.000,1.000
167.672440,1.252562,2.927533,21,160.000,1.000
167.873447,1.308998,2.880087,21,160.000,1.000
168.075425,1.334866,2.838137,21,160.000,1.000
168.271448,1.342026,2.830714,21,160.000,1.000
168.473488,1.329693,2.855822,21,160.000,1.000
168.671509,1.287664,2.904314,21,160.000,1.000
168.871506,1.240427,2.957312,21,160.000,1.000
169.070481,1.193386,3.001534,21,160.000,1.000
169.270544,1.187714,3.011974,21,160.000,1.000
169.474552,1.200279,3.008469,21,160.000,1.000
169.671572,1.219960,2.969349,21,160.000,1.000
169.871536,1.262195,2.925304,21,160.000,1.000
170.070537,1.313871,2.877638,21,160.000,1.000
170.270574,1.338876,2.842224,21,160.000,1.000
174.892905,1.425903,2.757844,22,160.000,40.996
175.094880,1.361685,2.814580,22,160.000,40.996
175.295872,1.263426,2.909041,22,160.000,40.996
175.492918,1.179104,3.012962,22,160.000,40.996
175.693921,1.105644,3.092111,22,160.000,40.996
175.894905,1.086361,3.098548,22,160.000,40.996
176.096934,1.133374,3.050944,22,160.000,40.996
176.292937,1.214458,2.966085,22,160.000,40.996
176.494941,1.320059,2.840377,22,160.000,40.996
176.692981,1.395910,2.757692,22,160.000,40.996
176.892955,1.425416,2.739982,22,160.000,40.996
177.094991,1.391367,2.776535,22,160.000,40.996
177.292989,1.316090,2.860375,22,160.000,40.996
177.492999,1.237968,2.949887,22,160.000,40.996
177.693032,1.148483,3.049287,22,160.000,40.996
177.893016,1.099935,3.102745,22,160.000,40.996
178.095037,1.092315,3.119231,22,160.000,40.996
178.293037,1.116800,3.064561,22,160.000,40.996
182.926383,1.418901,2.772286,23,160.000,81.036
183.122328,1.480162,2.711271,23,160.000,81.036
183.324334,1.489978,2.709752,23,160.000,81.036
183.525333,1.413360,2.780464,23,160.000,81.036
183.727402,1.292283,2.908581,23,160.000,81.036
183.923347,1.168733,3.034813,23,160.000,81.036
184.125373,1.072319,3.124293,23,160.000,81.036
184.326422,1.053837,3.140763,23,160.000,81.036
184.522413,1.111083,3.090886,23,160.000,81.036
184.722460,1.219977,2.971649,23,160.000,81.036
184.922417,1.331901,2.833456,23,160.000,81.036
185.122420,1.434968,2.739991,23,160.000,81.036
185.322460,1.474071,2.692910,23,160.000,81.036
185.526512,1.453725,2.722507,23,160.000,81.036
185.722510,1.367102,2.805217,23,160.000,81.036
185.922530,1.264398,2.920648,23,160.000,81.036
186.122493,1.159699,3.028933,23,160.000,81.036
186.322521,1.081916,3.112175,23,160.000,81.036
190.848847,1.102892,3.099239,24,160.000,120.956
191.050819,1.175869,3.008232,24,160.000,120.956
191.247839,1.294052,2.871302,24,160.000,120.956
191.448848,1.397300,2.762005,24,160.000,120.956
191.645869,1.467774,2.710366,24,160.000,120.956
191.846871,1.442895,2.720464,24,160.000,120.956
192.047851,1.353791,2.818204,24,160.000,120.956
192.249899,1.248026,2.947186,24,160.000,120.956
192.445882,1.124945,3.056864,24,160.000,120.956
192.645928,1.062337,3.116447,24,160.000,120.956
192.845911,1.063150,3.118705,24,160.000,120.956
193.045913,1.125143,3.060327,24,160.000,120.956
193.250940,1.225478,2.951847,24,160.000,120.956
193.445959,1.338711,2.825046,24,160.000,120.956
193.645980,1.420558,2.736618,24,160.000,120.956
193.845999,1.480998,2.706152,24,160.000,120.956
194.045975,1.458755,2.718424,24,160.000,120.956
194.251016,1.405565,2.786900,24,160.000,120.956
198.770305,1.126047,3.069451,25,160.000,160.000
198.971258,1.097651,3.092414,25,160.000,160.000
199.168256,1.122114,3.058107,25,160.000,160.000
199.370303,1.193425,2.985211,25,160.000,160.000
199.571301,1.289538,2.882641,25,160.000,160.000
199.773331,1.380516,2.792409,25,160.000,160.000
199.969312,1.437421,2.748178,25,160.000,160.000
200.170332,1.415874,2.766401,25,160.000,160.000
200.372327,1.348199,2.839252,25,160.000,160.000
200.568341,1.242190,2.952372,25,160.000,160.000
200.768387,1.159998,3.034700,25,160.000,160.000
200.968363,1.110698,3.097287,25,160.000,160.000
201.168376,1.103223,3.086961,25,160.000,160.000
201.372391,1.151602,3.026315,25,160.000,160.000
201.568407,1.239657,2.955795,25,160.000,160.000
201.768416,1.325688,2.853363,25,160.000,160.000
201.968426,1.404051,2.790762,25,160.000,160.000
202.168436,1.428220,2.748668,25,160.000,160.000
217.461374,1.221775,2.991622,26,21.036,1.000
217.662391,1.250384,2.952083,26,21.036,1.000
217.864353,1.289303,2.893482,26,21.036,1.000
218.060364,1.330612,2.865919,26,21.036,1.000
218.261361,1.350023,2.844499,26,21.036,1.000
218.463370,1.335788,2.847825,26,21.036,1.000
218.659428,1.329555,2.886726,26,21.036,1.000
218.860401,1.268963,2.928902,26,21.036,1.000
219.062401,1.226232,2.995769,26,21.036,1.000
219.263423,1.196200,3.011201,26,21.036,1.000
219.460454,1.195648,3.013268,26,21.036,1.000
219.660484,1.223751,2.989104,26,21.036,1.000
219.860464,1.261365,2.948838,26,21.036,1.000
220.060461,1.296234,2.896112,26,21.036,1.000
220.260492,1.337649,2.863405,26,21.036,1.000
220.460488,1.356196,2.841690,26,21.036,1.000
220.660551,1.348468,2.842377,26,21.036,1.000
220.860588,1.335606,2.867887,26,21.036,1.000
225.397852,1.107377,3.100080,27,1.000,21.036
225.602838,1.154946,3.053140,27,1.000,21.036
225.803871,1.247802,2.950056,27,1.000,21.036
225.996870,1.340345,2.850236,27,1.000,21.036
226.198841,1.420331,2.763022,27,1.000,21.036
226.402873,1.442104,2.753161,27,1.000,21.036
226.595901,1.412600,2.796567,27,1.000,21.036
226.797885,1.314978,2.886358,27,1.000,21.036
226.998893,1.219070,2.998445,27,1.000,21.036
227.196893,1.133470,3.085284,27,1.000,21.036
227.401919,1.109651,3.127563,27,1.000,21.036
227.596964,1.135682,3.078724,27,1.000,21.036
227.796957,1.197418,3.004119,27,1.000,21.036
227.996945,1.293857,2.916227,27,1.000,21.036
228.196955,1.375211,2.825052,27,1.000,21.036
228.401973,1.420402,2.752649,27,1.000,21.036
228.597060,1.439742,2.745098,27,1.000,21.036
228.797026,1.411372,2.774350,27,1.000,21.036
232.867297,1.255070,2.979849,28,10.996,1.000
233.069250,1.306177,2.917760,28,10.996,1.000
233.270275,1.351759,2.850350,28,10.996,1.000
233.467303,1.362922,2.817819,28,10.996,1.000
233.668302,1.358354,2.831385,28,10.996,1.000
233.869318,1.319624,2.884921,28,10.996,1.000
234.071300,1.261845,2.945117,28,10.996,1.000
234.267322,1.216364,3.005197,28,10.996,1.000
234.467346,1.178338,3.021638,28,10.996,1.000
234.667364,1.179827,3.020812,28,10.996,1.000
234.867358,1.212278,2.985836,28,10.996,1.000
235.069378,1.276274,2.939969,28,10.996,1.000
235.267375,1.325078,2.875495,28,10.996,1.000
235.467378,1.367113,2.835735,28,10.996,1.000
235.667429,1.372845,2.828689,28,10.996,1.000
235.867448,1.344560,2.839666,28,10.996,1.000
236.069434,1.317564,2.889292,28,10.996,1.000
236.267442,1.257615,2.924309,28,10.996,1.000
239.893683,1.288616,2.903558,29,1.000,10.996
240.094654,1.344983,2.832243,29,1.000,10.996
240.296672,1.409139,2.780919,29,1.000,10.996
240.492693,1.400726,2.779051,29,1.000,10.996
240.691723,1.357594,2.832212,29,1.000,10.996
240.891723,1.287512,2.910388,29,1.000,10.996
241.094718,1.208247,2.993245,29,1.000,10.996
241.291710,1.146895,3.066895,29,1.000,10.996
241.491727,1.128157,3.064741,29,1.000,10.996
241.695763,1.169131,3.032460,29,1.000,10.996
241.891762,1.239030,2.965743,29,1.000,10.996
242.094748,1.317035,2.880338,29,1.000,10.996
242.291781,1.371816,2.800988,29,1.000,10.996
242.491980,1.409233,2.782349,29,1.000,10.996
242.695800,1.395922,2.791072,29,1.000,10.996
242.891818,1.361089,2.849238,29,1.000,10.996
243.094787,1.290260,2.909901,29,1.000,10.996
243.291822,1.210002,2.984178,29,1.000,10.996
246.680066,1.361493,2.845329,30,5.976,1.000
246.881071,1.367164,2.815962,30,5.976,1.000
247.083039,1.368268,2.818768,30,5.976,1.000
247.279069,1.340041,2.851562,30,5.976,1.000
247.479087,1.296092,2.914854,30,5.976,1.000
247.679134,1.219621,2.985030,30,5.976,1.000
247.879103,1.174146,3.018256,30,5.976,1.000
248.079094,1.172556,3.037583,30,5.976,1.000
248.279130,1.200611,2.992725,30,5.976,1.000
248.479108,1.249842,2.930732,30,5.976,1.000
248.678154,1.305952,2.876753,30,5.976,1.000
248.878140,1.359907,2.829741,30,5.976,1.000
249.078150,1.394824,2.825134,30,5.976,1.000
249.278168,1.368913,2.833416,30,5.976,1.000
249.478182,1.317262,2.870365,30,5.976,1.000
249.678213,1.266418,2.931656,30,5.976,1.000
249.878197,1.214290,2.986650,30,5.976,1.000
250.078195,1.174169,3.015897,30,5.976,1.000
253.257436,1.380208,2.817057,31,1.000,5.976
253.458411,1.400514,2.806273,31,1.000,5.976
253.656451,1.378644,2.812385,31,1.000,5.976
253.856439,1.336148,2.875155,31,1.000,5.976
254.057421,1.258793,2.952580,31,1.000,5.976
254.255452,1.191849,3.024753,31,1.000,5.976
254.455478,1.143469,3.043618,31,1.000,5.976
254.655499,1.161408,3.037138,31,1.000,5.976
254.855514,1.205053,2.983664,31,1.000,5.976
255.057467,1.280192,2.920834,31,1.000,5.976
255.255488,1.345228,2.846677,31,1.000,5.976
255.455580,1.379703,2.796220,31,1.000,5.976
255.655562,1.385470,2.796706,31,1.000,5.976
255.855576,1.355984,2.834780,31,1.000,5.976
256.057603,1.308691,2.902297,31,1.000,5.976
256.255611,1.239113,2.966093,31,1.000,5.976
256.455607,1.183131,3.016866,31,1.000,5.976
256.655631,1.160231,3.045989,31,1.000,5.976
259.709823,1.372502,2.803375,32,2.988,1.000
259.904804,1.365301,2.817897,32,2.988,1.000
260.104786,1.320870,2.874065,32,2.988,1.000
260.305839,1.260877,2.944897,32,2.988,1.000
260.505833,1.200468,3.003621,32,2.988,1.000
260.709848,1.167276,3.036674,32,2.988,1.000
260.905853,1.158101,3.019539,32,2.988,1.000
261.105883,1.213933,2.984334,32,2.988,1.000
261.305882,1.267028,2.923155,32,2.988,1.000
261.505904,1.331229,2.851676,32,2.988,1.000
261.708906,1.378348,2.811655,32,2.988,1.000
261.905918,1.379449,2.808977,32,2.988,1.000
262.105888,1.346568,2.846711,32,2.988,1.000
262.305957,1.310093,2.896604,32,2.988,1.000
262.505946,1.239433,2.958558,32,2.988,1.000
262.708967,1.191139,3.008238,32,2.988,1.000
262.905949,1.163546,3.038280,32,2.988,1.000
263.105969,1.168889,3.036913,32,2.988,1.000
266.059187,1.369081,2.818881,33,1.000,2.988
266.258171,1.334768,2.846763,33,1.000,2.988
266.458168,1.284160,2.909698,33,1.000,2.988
266.661191,1.221241,2.979146,33,1.000,2.988
266.857196,1.175731,3.036618,33,1.000,2.988
267.057172,1.159986,3.039506,33,1.000,2.988
267.257187,1.188840,3.016884,33,1.000,2.988
267.457217,1.238567,2.954098,33,1.000,2.988
267.661240,1.303274,2.887062,33,1.000,2.988
267.857232,1.351344,2.832942,33,1.000,2.988
268.057229,1.376939,2.795830,33,1.000,2.988
268.257238,1.348827,2.815577,33,1.000,2.988
268.457255,1.316640,2.874268,33,1.000,2.988
268.661300,1.260306,2.932586,33,1.000,2.988
268.857283,1.201661,2.992869,33,1.000,2.988
269.057268,1.178085,3.042983,33,1.000,2.988
269.257297,1.163971,3.053926,33,1.000,2.988
269.457340,1.173040,3.010118,33,1.000,2.988
272.418516,1.365430,2.843020,34,1.000,1.000
272.614522,1.328145,2.881769,34,1.000,1.000
272.814516,1.257503,2.951906,34,1.000,1.000
273.013512,1.193289,3.015117,34,1.000,1.000
273.213521,1.173695,3.052124,34,1.000,1.000
273.418532,1.167718,3.030870,34,1.000,1.000
273.613577,1.215809,2.986072,34,1.000,1.000
273.813561,1.278553,2.930797,34,1.000,1.000
274.013547,1.337552,2.853874,34,1.000,1.000
274.213579,1.384263,2.818561,34,1.000,1.000
274.418616,1.380365,2.810615,34,1.000,1.000
274.613629,1.337840,2.848987,34,1.000,1.000
274.813614,1.284849,2.903459,34,1.000,1.000
275.014616,1.223067,2.972435,34,1.000,1.000
275.214632,1.180103,3.018954,34,1.000,1.000
275.418666,1.156435,3.030066,34,1.000,1.000
275.614683,1.173258,3.041047,34,1.000,1.000
275.814674,1.204037,2.999228,34,1.000,1.000
278.783893,1.342578,2.855502,35,1.000,1.000
278.982842,1.289860,2.904497,35,1.000,1.000
279.182860,1.236591,2.984347,35,1.000,1.000
279.385898,1.185054,3.029961,35,1.000,1.000
279.581898,1.165477,3.041516,35,1.000,1.000
279.781909,1.183539,3.015909,35,1.000,1.000
279.981896,1.229641,2.945240,35,1.000,1.000
280.181917,1.298725,2.887348,35,1.000,1.000
280.385914,1.363145,2.834909,35,1.000,1.000
280.581929,1.373086,2.804711,35,1.000,1.000
280.781954,1.359548,2.813943,35,1.000,1.000
280.981966,1.323358,2.868428,35,1.000,1.000
281.182033,1.264745,2.928913,35,1.000,1.000
281.385977,1.203896,2.988002,35,1.000,1.000
281.582001,1.167236,3.027147,35,1.000,1.000
281.782012,1.161042,3.045012,35,1.000,1.000
281.982017,1.177747,3.015546,35,1.000,1.000
282.182031,1.222629,2.968732,35,1.000,1.000
285.122233,1.305680,2.874163,36,1.000,1.000
285.317246,1.257510,2.929874,36,1.000,1.000
285.517222,1.203749,2.993428,36,1.000,1.000
285.717258,1.163666,3.039153,36,1.000,1.000
285.917249,1.165179,3.031803,36,1.000,1.000
286.117301,1.207687,2.985387,36,1.000,1.000
286.317299,1.266209,2.926430,36,1.000,1.000
286.517290,1.331427,2.850192,36,1.000,1.000
286.717314,1.367422,2.806843,36,1.000,1.000
286.917305,1.369485,2.813458,36,1.000,1.000
287.117299,1.336429,2.843039,36,1.000,1.000
287.317318,1.278163,2.899279,36,1.000,1.000
287.517330,1.229107,2.967735,36,1.000,1.000
287.717379,1.173867,3.005274,36,1.000,1.000
287.917350,1.157269,3.035194,36,1.000,1.000
288.117363,1.172323,3.020841,36,1.000,1.000
288.317380,1.204670,2.982032,36,1.000,1.000
288.517368,1.254883,2.936894,36,1.000,1.000
